,country,currency_name,currency_code
0,AFGHANISTAN,Afghani,AFN
1,ÅLAND ISLANDS,Euro,EUR
2,ALBANIA,Lek,ALL
3,ALGERIA,Algerian Dinar,DZD
4,AMERICAN SAMOA,US Dollar,USD
5,ANDORRA,Euro,EUR
6,ANGOLA,Kwanza,AOA
7,ANGUILLA,East Caribbean Dollar,XCD
8,ANTIGUA AND BARBUDA,East Caribbean Dollar,XCD
9,ARGENTINA,Argentine Peso,ARS
10,ARMENIA,Armenian Dram,AMD
11,ARUBA,Aruban Florin,AWG
12,AUSTRALIA,Australian Dollar,AUD
13,AUSTRIA,Euro,EUR
14,AZERBAIJAN,Azerbaijan Manat,AZN
15,BAHAMAS (THE),Bahamian Dollar,BSD
16,BAHRAIN,Bahraini Dinar,BHD
17,BANGLADESH,Taka,BDT
18,BARBADOS,Barbados Dollar,BBD
19,BELARUS,Belarusian Ruble,BYN
20,BELGIUM,Euro,EUR
21,BELIZE,Belize Dollar,BZD
22,BENIN,CFA Franc BCEAO,XOF
23,BERMUDA,Bermudian Dollar,BMD
24,BHUTAN,Indian Rupee,INR
25,BHUTAN,Ngultrum,BTN
26,BOLIVIA (PLURINATIONAL STATE OF),Boliviano,BOB
27,BOLIVIA (PLURINATIONAL STATE OF),Mvdol,BOV
28,"BONAIRE, SINT EUSTATIUS AND SABA",US Dollar,USD
29,BOSNIA AND HERZEGOVINA,Convertible Mark,BAM
30,BOTSWANA,Pula,BWP
31,BOUVET ISLAND,Norwegian Krone,NOK
32,BRAZIL,Brazilian Real,BRL
33,BRITISH INDIAN OCEAN TERRITORY (THE),US Dollar,USD
34,BRUNEI DARUSSALAM,Brunei Dollar,BND
35,BULGARIA,Bulgarian Lev,BGN
36,BURKINA FASO,CFA Franc BCEAO,XOF
37,BURUNDI,Burundi Franc,BIF
38,CABO VERDE,Cabo Verde Escudo,CVE
39,CAMBODIA,Riel,KHR
40,CAMEROON,CFA Franc BEAC,XAF
41,CANADA,Canadian Dollar,CAD
42,CAYMAN ISLANDS (THE),Cayman Islands Dollar,KYD
43,CENTRAL AFRICAN REPUBLIC (THE),CFA Franc BEAC,XAF
44,CHAD,CFA Franc BEAC,XAF
45,CHILE,Chilean Peso,CLP
46,CHILE,Unidad de Fomento,CLF
47,CHINA,Yuan Renminbi,CNY
48,CHRISTMAS ISLAND,Australian Dollar,AUD
49,COCOS (KEELING) ISLANDS (THE),Australian Dollar,AUD
50,COLOMBIA,Colombian Peso,COP
51,COLOMBIA,Unidad de Valor Real,COU
52,COMOROS (THE),Comorian Franc ,KMF
53,CONGO (THE DEMOCRATIC REPUBLIC OF THE),Congolese Franc,CDF
54,CONGO (THE),CFA Franc BEAC,XAF
55,COOK ISLANDS (THE),New Zealand Dollar,NZD
56,COSTA RICA,Costa Rican Colon,CRC
57,CÔTE D'IVOIRE,CFA Franc BCEAO,XOF
58,CROATIA,Euro,EUR
59,CUBA,Cuban Peso,CUP
60,CUBA,Peso Convertible,CUC
61,CURAÇAO,Netherlands Antillean Guilder,ANG
62,CYPRUS,Euro,EUR
63,CZECHIA,Czech Koruna,CZK
64,DENMARK,Danish Krone,DKK
65,DJIBOUTI,Djibouti Franc,DJF
66,DOMINICA,East Caribbean Dollar,XCD
67,DOMINICAN REPUBLIC (THE),Dominican Peso,DOP
68,ECUADOR,US Dollar,USD
69,EGYPT,Egyptian Pound,EGP
70,EL SALVADOR,El Salvador Colon,SVC
71,EL SALVADOR,US Dollar,USD
72,EQUATORIAL GUINEA,CFA Franc BEAC,XAF
73,ERITREA,Nakfa,ERN
74,ESTONIA,Euro,EUR
75,ESWATINI,Lilangeni,SZL
76,ETHIOPIA,Ethiopian Birr,ETB
77,EUROPEAN UNION,Euro,EUR
78,FALKLAND ISLANDS (THE) [MALVINAS],Falkland Islands Pound,FKP
79,FAROE ISLANDS (THE),Danish Krone,DKK
80,FIJI,Fiji Dollar,FJD
81,FINLAND,Euro,EUR
82,FRANCE,Euro,EUR
83,FRENCH GUIANA,Euro,EUR
84,FRENCH POLYNESIA,CFP Franc,XPF
85,FRENCH SOUTHERN TERRITORIES (THE),Euro,EUR
86,GABON,CFA Franc BEAC,XAF
87,GAMBIA (THE),Dalasi,GMD
88,GEORGIA,Lari,GEL
89,GERMANY,Euro,EUR
90,GHANA,Ghana Cedi,GHS
91,GIBRALTAR,Gibraltar Pound,GIP
92,GREECE,Euro,EUR
93,GREENLAND,Danish Krone,DKK
94,GRENADA,East Caribbean Dollar,XCD
95,GUADELOUPE,Euro,EUR
96,GUAM,US Dollar,USD
97,GUATEMALA,Quetzal,GTQ
98,GUERNSEY,Pound Sterling,GBP
99,GUINEA,Guinean Franc,GNF
100,GUINEA-BISSAU,CFA Franc BCEAO,XOF
101,GUYANA,Guyana Dollar,GYD
102,HAITI,Gourde,HTG
103,HAITI,US Dollar,USD
104,HEARD ISLAND AND McDONALD ISLANDS,Australian Dollar,AUD
105,HOLY SEE (THE),Euro,EUR
106,HONDURAS,Lempira,HNL
107,HONG KONG,Hong Kong Dollar,HKD
108,HUNGARY,Forint,HUF
109,ICELAND,Iceland Krona,ISK
110,INDIA,Indian Rupee,INR
111,INDONESIA,Rupiah,IDR
112,INTERNATIONAL MONETARY FUND (IMF) ,SDR (Special Drawing Right),XDR
113,IRAN (ISLAMIC REPUBLIC OF),Iranian Rial,IRR
114,IRAQ,Iraqi Dinar,IQD
115,IRELAND,Euro,EUR
116,ISLE OF MAN,Pound Sterling,GBP
117,ISRAEL,New Israeli Sheqel,ILS
118,ITALY,Euro,EUR
119,JAMAICA,Jamaican Dollar,JMD
120,JAPAN,Yen,JPY
121,JERSEY,Pound Sterling,GBP
122,JORDAN,Jordanian Dinar,JOD
123,KAZAKHSTAN,Tenge,KZT
124,KENYA,Kenyan Shilling,KES
125,KIRIBATI,Australian Dollar,AUD
126,KOREA (THE DEMOCRATIC PEOPLE’S REPUBLIC OF),North Korean Won,KPW
127,KOREA (THE REPUBLIC OF),Won,KRW
128,KUWAIT,Kuwaiti Dinar,KWD
129,KYRGYZSTAN,Som,KGS
130,LAO PEOPLE’S DEMOCRATIC REPUBLIC (THE),Lao Kip,LAK
131,LATVIA,Euro,EUR
132,LEBANON,Lebanese Pound,LBP
133,LESOTHO,Loti,LSL
134,LESOTHO,Rand,ZAR
135,LIBERIA,Liberian Dollar,LRD
136,LIBYA,Libyan Dinar,LYD
137,LIECHTENSTEIN,Swiss Franc,CHF
138,LITHUANIA,Euro,EUR
139,LUXEMBOURG,Euro,EUR
140,MACAO,Pataca,MOP
141,NORTH MACEDONIA,Denar,MKD
142,MADAGASCAR,Malagasy Ariary,MGA
143,MALAWI,Malawi Kwacha,MWK
144,MALAYSIA,Malaysian Ringgit,MYR
145,MALDIVES,Rufiyaa,MVR
146,MALI,CFA Franc BCEAO,XOF
147,MALTA,Euro,EUR
148,MARSHALL ISLANDS (THE),US Dollar,USD
149,MARTINIQUE,Euro,EUR
150,MAURITANIA,Ouguiya,MRU
151,MAURITIUS,Mauritius Rupee,MUR
152,MAYOTTE,Euro,EUR
153,MEMBER COUNTRIES OF THE AFRICAN DEVELOPMENT BANK GROUP,ADB Unit of Account,XUA
154,MEXICO,Mexican Peso,MXN
155,MEXICO,Mexican Unidad de Inversion (UDI),MXV
156,MICRONESIA (FEDERATED STATES OF),US Dollar,USD
157,MOLDOVA (THE REPUBLIC OF),Moldovan Leu,MDL
158,MONACO,Euro,EUR
159,MONGOLIA,Tugrik,MNT
160,MONTENEGRO,Euro,EUR
161,MONTSERRAT,East Caribbean Dollar,XCD
162,MOROCCO,Moroccan Dirham,MAD
163,MOZAMBIQUE,Mozambique Metical,MZN
164,MYANMAR,Kyat,MMK
165,NAMIBIA,Namibia Dollar,NAD
166,NAMIBIA,Rand,ZAR
167,NAURU,Australian Dollar,AUD
168,NEPAL,Nepalese Rupee,NPR
169,NETHERLANDS (THE),Euro,EUR
170,NEW CALEDONIA,CFP Franc,XPF
171,NEW ZEALAND,New Zealand Dollar,NZD
172,NICARAGUA,Cordoba Oro,NIO
173,NIGER (THE),CFA Franc BCEAO,XOF
174,NIGERIA,Naira,NGN
175,NIUE,New Zealand Dollar,NZD
176,NORFOLK ISLAND,Australian Dollar,AUD
177,NORTHERN MARIANA ISLANDS (THE),US Dollar,USD
178,NORWAY,Norwegian Krone,NOK
179,OMAN,Rial Omani,OMR
180,PAKISTAN,Pakistan Rupee,PKR
181,PALAU,US Dollar,USD
182,PANAMA,Balboa,PAB
183,PANAMA,US Dollar,USD
184,PAPUA NEW GUINEA,Kina,PGK
185,PARAGUAY,Guarani,PYG
186,PERU,Sol,PEN
187,PHILIPPINES (THE),Philippine Peso,PHP
188,PITCAIRN,New Zealand Dollar,NZD
189,POLAND,Zloty,PLN
190,PORTUGAL,Euro,EUR
191,PUERTO RICO,US Dollar,USD
192,QATAR,Qatari Rial,QAR
193,RÉUNION,Euro,EUR
194,ROMANIA,Romanian Leu,RON
195,RUSSIAN FEDERATION (THE),Russian Ruble,RUB
196,RWANDA,Rwanda Franc,RWF
197,SAINT BARTHÉLEMY,Euro,EUR
198,"SAINT HELENA, ASCENSION AND TRISTAN DA CUNHA",Saint Helena Pound,SHP
199,SAINT KITTS AND NEVIS,East Caribbean Dollar,XCD
200,SAINT LUCIA,East Caribbean Dollar,XCD
201,SAINT MARTIN (FRENCH PART),Euro,EUR
202,SAINT PIERRE AND MIQUELON,Euro,EUR
203,SAINT VINCENT AND THE GRENADINES,East Caribbean Dollar,XCD
204,SAMOA,Tala,WST
205,SAN MARINO,Euro,EUR
206,SAO TOME AND PRINCIPE,Dobra,STN
207,SAUDI ARABIA,Saudi Riyal,SAR
208,SENEGAL,CFA Franc BCEAO,XOF
209,SERBIA,Serbian Dinar,RSD
210,SEYCHELLES,Seychelles Rupee,SCR
211,SIERRA LEONE,Leone,SLL
212,SIERRA LEONE,Leone,SLE
213,SINGAPORE,Singapore Dollar,SGD
214,SINT MAARTEN (DUTCH PART),Netherlands Antillean Guilder,ANG
215,"SISTEMA UNITARIO DE COMPENSACION REGIONAL DE PAGOS ""SUCRE""",Sucre,XSU
216,SLOVAKIA,Euro,EUR
217,SLOVENIA,Euro,EUR
218,SOLOMON ISLANDS,Solomon Islands Dollar,SBD
219,SOMALIA,Somali Shilling,SOS
220,SOUTH AFRICA,Rand,ZAR
221,SOUTH SUDAN,South Sudanese Pound,SSP
222,SPAIN,Euro,EUR
223,SRI LANKA,Sri Lanka Rupee,LKR
224,SUDAN (THE),Sudanese Pound,SDG
225,SURINAME,Surinam Dollar,SRD
226,SVALBARD AND JAN MAYEN,Norwegian Krone,NOK
227,SWEDEN,Swedish Krona,SEK
228,SWITZERLAND,Swiss Franc,CHF
229,SWITZERLAND,WIR Euro,CHE
230,SWITZERLAND,WIR Franc,CHW
231,SYRIAN ARAB REPUBLIC,Syrian Pound,SYP
232,TAIWAN (PROVINCE OF CHINA),New Taiwan Dollar,TWD
233,TAJIKISTAN,Somoni,TJS
234,"TANZANIA, UNITED REPUBLIC OF",Tanzanian Shilling,TZS
235,THAILAND,Baht,THB
236,TIMOR-LESTE,US Dollar,USD
237,TOGO,CFA Franc BCEAO,XOF
238,TOKELAU,New Zealand Dollar,NZD
239,TONGA,Pa’anga,TOP
240,TRINIDAD AND TOBAGO,Trinidad and Tobago Dollar,TTD
241,TUNISIA,Tunisian Dinar,TND
242,TÜRKİYE,Turkish Lira,TRY
243,TURKMENISTAN,Turkmenistan New Manat,TMT
244,TURKS AND CAICOS ISLANDS (THE),US Dollar,USD
245,TUVALU,Australian Dollar,AUD
246,UGANDA,Uganda Shilling,UGX
247,UKRAINE,Hryvnia,UAH
248,UNITED ARAB EMIRATES (THE),UAE Dirham,AED
249,UNITED KINGDOM OF GREAT BRITAIN AND NORTHERN IRELAND (THE),Pound Sterling,GBP
250,UNITED STATES MINOR OUTLYING ISLANDS (THE),US Dollar,USD
251,UNITED STATES OF AMERICA (THE),US Dollar,USD
252,UNITED STATES OF AMERICA (THE),US Dollar (Next day),USN
253,URUGUAY,Peso Uruguayo,UYU
254,URUGUAY,Uruguay Peso en Unidades Indexadas (UI),UYI
255,URUGUAY,Unidad Previsional,UYW
256,UZBEKISTAN,Uzbekistan Sum,UZS
257,VANUATU,Vatu,VUV
258,VENEZUELA (BOLIVARIAN REPUBLIC OF),Bolívar Soberano,VES
259,VENEZUELA (BOLIVARIAN REPUBLIC OF),Bolívar Soberano,VED
260,VIET NAM,Dong,VND
261,VIRGIN ISLANDS (BRITISH),US Dollar,USD
262,VIRGIN ISLANDS (U.S.),US Dollar,USD
263,WALLIS AND FUTUNA,CFP Franc,XPF
264,WESTERN SAHARA,Moroccan Dirham,MAD
265,YEMEN,Yemeni Rial,YER
266,ZAMBIA,Zambian Kwacha,ZMW
267,ZIMBABWE,Zimbabwe Dollar,ZWL
268,Gold,Gold,XAU
269,Palladium,Palladium,XPD
270,Platinum,Platinum,XPT
271,Silver,Silver,XAG
